{"stat.flyOneCm":3827,"stat.drop.minecraft.mutton":1,"stat.walkOneCm":936,"stat.drop":3,"stat.jump":30,"stat.playOneMinute":903,"stat.fallOneCm":1103,"stat.killEntity.Sheep":1,"stat.leaveGame":1,"stat.sneakTime":11,"stat.pickup.minecraft.wool":1,"stat.damageDealt":80,"stat.crouchOneCm":79,"stat.drop.minecraft.dirt":1,"stat.timeSinceDeath":903,"stat.pickup.minecraft.dirt":1,"stat.sprintOneCm":1568,"stat.mobKills":1,"stat.mineBlock.minecraft.dirt":1,"stat.drop.minecraft.wool":1,"stat.mineBlock.minecraft.tallgrass":1,"stat.pickup.minecraft.mutton":1}